EmployeeCode,hour,DRGPointsPossible,PointsScoredDRG,Q2,Freq,DisinctEncounter
R01211,7,6,6,100,2,2
R01211,8,27,24,88,9,8
R01211,9,63,60,95,21,21
R01211,10,33,33,100,11,11
R01211,11,42,42,100,14,14
R01211,12,57,45,78,19,19
R01211,13,45,42,93,15,15
R01211,14,39,36,92,13,13
R01211,15,30,30,100,10,10
R01211,16,42,39,92,14,14
R01211,17,30,30,100,10,10
R01211,18,6,6,100,2,2
R02722,8,78,57,73,26,25
R02722,9,75,66,88,25,25
R02722,10,69,66,95,23,22
R02722,11,78,69,88,26,26
R02722,12,84,72,85,28,28
R02722,13,66,48,72,22,22
R02722,14,39,30,76,13,13
R02722,15,81,57,70,27,27
R02722,16,78,69,88,26,26
R02722,17,69,60,86,23,23
R02722,18,36,27,75,12,12
R02722,19,12,12,100,4,4
R04063,11,3,3,100,1,1
R04072,8,27,24,88,9,9
R04072,9,45,33,73,15,15
R04072,10,51,45,88,17,17
R04072,11,60,60,100,20,20
R04072,12,75,69,92,25,25
R04072,13,45,42,93,15,15
R04072,14,39,33,84,13,13
R04072,15,81,60,74,27,27
R04072,16,96,81,84,32,32
R04072,17,93,75,80,31,31
R04072,18,42,36,85,14,14
R04072,19,6,6,100,2,2
R04167,8,6,6,100,2,2
R04167,9,102,96,94,34,32
R04167,10,87,84,96,29,28
R04167,11,75,69,92,25,23
R04167,12,102,93,91,34,34
R04167,13,15,12,80,5,5
R04167,14,54,51,94,18,18
R04167,15,60,54,90,20,20
R04167,16,45,42,93,15,15
R04167,17,45,39,86,15,15
R04167,18,3,3,100,1,1
R04263,8,84,84,100,28,27
R04263,9,42,42,100,14,14
R04263,10,54,54,100,18,17
R04263,11,78,75,96,26,26
R04263,12,48,48,100,16,16
R04263,13,30,30,100,10,10
R04263,14,39,39,100,13,13
R04263,15,42,39,92,14,14
R04263,16,39,33,84,13,13
R04263,17,39,33,84,13,13
R04263,18,15,15,100,5,5
R04268,8,27,27,100,9,9
R04268,9,57,51,89,19,18
R04268,10,48,48,100,16,16
R04268,11,54,54,100,18,18
R04268,12,42,39,92,14,14
R04268,13,24,21,87,8,8
R04268,14,48,39,81,16,16
R04268,15,54,45,83,18,18
R04268,16,27,27,100,9,9
R04268,17,30,27,90,10,10
R04378,7,3,3,100,1,1
R04378,8,36,30,83,12,12
R04378,9,60,48,80,20,19
R04378,10,63,51,80,21,21
R04378,11,60,45,75,20,20
R04378,12,93,81,87,31,31
R04378,13,81,75,92,27,26
R04378,14,45,36,80,15,15
R04378,15,69,63,91,23,23
R04378,16,60,51,85,20,20
R04378,17,93,87,93,31,31
R04378,18,36,33,91,12,12
R04378,19,3,3,100,1,1
R04559,8,27,27,100,9,9
R04559,9,57,54,94,19,19
R04559,10,69,66,95,23,23
R04559,11,69,66,95,23,23
R04559,12,93,93,100,31,31
R04559,13,78,75,96,26,26
R04559,14,48,48,100,16,16
R04559,15,63,57,90,21,21
R04559,16,63,57,90,21,21
R04559,17,27,27,100,9,9
R04559,18,15,15,100,5,5
R04571,8,30,27,90,10,10
R04571,9,48,48,100,16,16
R04571,10,36,33,91,12,12
R04571,11,72,69,95,24,24
R04571,12,54,48,88,18,18
R04571,13,78,78,100,26,26
R04571,14,60,60,100,20,20
R04571,15,69,63,91,23,23
R04571,16,33,30,90,11,11
R04894,7,3,3,100,1,1
R04894,8,6,6,100,2,2
R04894,9,6,6,100,2,2
R04894,10,39,30,76,13,13
R04894,11,39,36,92,13,13
R04894,12,39,36,92,13,13
R04894,13,12,12,100,4,4
R04894,14,24,18,75,8,8
R04894,15,21,21,100,7,7
R04894,16,24,18,75,8,8
R04894,17,6,6,100,2,2
R05084,7,3,0,0,1,1
R05084,8,105,105,100,35,34
R05084,9,147,141,95,49,47
R05084,10,78,75,96,26,26
R05084,11,87,81,93,29,28
R05084,12,72,66,91,24,24
R05084,13,69,63,91,23,23
R05084,14,87,75,86,29,29
R05084,15,54,54,100,18,18
R05084,16,36,33,91,12,12
R05084,17,21,21,100,7,7
R05084,18,3,3,100,1,1
R05293,7,6,3,50,2,2
R05293,8,93,87,93,31,31
R05293,9,54,54,100,18,18
R05293,10,30,30,100,10,10
R05293,11,57,51,89,19,19
R05293,12,39,33,84,13,13
R05293,13,24,21,87,8,8
R05293,14,60,57,95,20,20
R05293,15,63,48,76,21,21
R05293,16,60,51,85,20,20
R05293,17,36,33,91,12,12
R05293,18,21,21,100,7,7
R05297,7,3,3,100,1,1
R05297,8,90,87,96,30,28
R05297,9,84,81,96,28,27
R05297,10,69,66,95,23,23
R05297,11,84,84,100,28,28
R05297,12,72,69,95,24,24
R05297,13,42,39,92,14,14
R05297,14,75,66,88,25,24
R05297,15,78,78,100,26,26
R05297,16,54,48,88,18,18
R05297,17,27,27,100,9,9
R05297,18,6,6,100,2,2
R05300,8,21,18,85,7,7
R05300,9,81,72,88,27,26
R05300,10,42,42,100,14,14
R05300,11,39,39,100,13,13
R05300,12,18,15,83,6,6
R05300,13,18,15,83,6,6
R05300,14,33,33,100,11,11
R05300,15,21,21,100,7,7
R05300,16,36,33,91,12,12
R05300,17,18,18,100,6,6
R05303,8,72,69,95,24,23
R05303,9,72,69,95,24,22
R05303,10,51,51,100,17,17
R05303,11,57,51,89,19,18
R05303,12,84,81,96,28,28
R05303,13,51,39,76,17,17
R05303,14,93,90,96,31,30
R05303,15,69,66,95,23,23
R05303,16,45,42,93,15,15
R05303,17,27,27,100,9,9
R05303,18,9,9,100,3,3
R05337,8,57,51,89,19,17
R05337,9,81,81,100,27,27
R05337,10,90,72,80,30,30
R05337,11,84,78,92,28,28
R05337,12,78,72,92,26,26
R05337,13,45,39,86,15,15
R05337,14,117,105,89,39,39
R05337,15,69,66,95,23,23
R05337,16,72,69,95,24,24
R05337,17,42,42,100,14,14
R05337,18,9,9,100,3,3
R05340,7,6,6,100,2,2
R05340,8,84,75,89,28,28
R05340,9,123,117,95,41,41
R05340,10,63,63,100,21,21
R05340,11,60,57,95,20,20
R05340,12,72,69,95,24,24
R05340,13,42,36,85,14,14
R05340,14,84,81,96,28,28
R05340,15,87,87,100,29,29
R05340,16,51,51,100,17,17
R05340,17,24,24,100,8,8
R05340,18,3,3,100,1,1
R05470,8,42,39,92,14,14
R05470,9,69,63,91,23,22
R05470,10,99,93,93,33,32
R05470,11,123,120,97,41,41
R05470,12,117,108,92,39,39
R05470,13,60,54,90,20,20
R05470,14,90,84,93,30,30
R05470,15,87,84,96,29,29
R05470,16,60,57,95,20,20
R05470,17,51,45,88,17,17
R05470,18,3,3,100,1,1
R05479,7,3,3,100,1,1
R05479,8,114,105,92,38,34
R05479,9,42,33,78,14,14
R05479,10,99,90,90,33,33
R05479,11,99,84,84,33,32
R05479,12,117,108,92,39,39
R05479,13,24,24,100,8,8
R05479,14,84,78,92,28,28
R05479,15,138,123,89,46,45
R05479,16,99,84,84,33,33
R05479,17,39,36,92,13,13
R05479,18,6,6,100,2,2
R05483,8,45,42,93,15,14
R05483,9,42,42,100,14,14
R05483,10,39,36,92,13,13
R05483,11,39,39,100,13,13
R05483,12,36,33,91,12,12
R05483,13,18,18,100,6,6
R05483,14,33,33,100,11,11
R05483,15,51,48,94,17,16
R05483,16,39,39,100,13,13
R05483,17,42,39,92,14,14
R05483,18,3,3,100,1,1
R05485,8,60,54,90,20,20
R05485,9,114,108,94,38,35
R05485,10,93,84,90,31,31
R05485,11,123,114,92,41,40
R05485,12,105,90,85,35,35
R05485,13,45,42,93,15,15
R05485,14,72,72,100,24,24
R05485,15,99,96,96,33,33
R05485,16,60,48,80,20,20
R05485,17,3,3,100,1,1
R05489,10,9,6,66,3,3
R05489,11,6,6,100,2,2
R05489,12,21,21,100,7,7
R05489,13,18,18,100,6,6
R05489,14,6,6,100,2,2
R05489,15,15,15,100,5,5
R05489,16,21,21,100,7,7
R05489,17,9,9,100,3,3
R05489,18,15,12,80,5,5
R05588,8,18,18,100,6,6
R05588,9,30,27,90,10,10
R05588,10,12,9,75,4,4
R05588,11,15,12,80,5,5
R05588,12,21,18,85,7,7
R05588,13,12,9,75,4,4
R05588,14,12,12,100,4,4
R05588,15,24,18,75,8,8
R05588,16,24,21,87,8,8
R05588,17,9,9,100,3,3
R05592,8,21,18,85,7,7
R05592,9,69,60,86,23,23
R05592,10,63,60,95,21,21
R05592,11,81,78,96,27,26
R05592,12,84,81,96,28,28
R05592,13,63,57,90,21,21
R05592,14,15,9,60,5,5
R05592,15,81,75,92,27,27
R05592,16,45,42,93,15,15
R05592,17,27,24,88,9,9
R05592,18,15,15,100,5,5
R05594,9,36,33,91,12,12
R05594,10,48,48,100,16,16
R05594,11,75,75,100,25,24
R05594,12,87,81,93,29,29
R05594,13,36,30,83,12,12
R05594,14,30,30,100,10,10
R05594,15,69,60,86,23,23
R05594,16,42,39,92,14,14
R05594,17,33,21,63,11,11
R05594,18,6,6,100,2,2
R05599,7,3,3,100,1,1
R05599,8,99,93,93,33,32
R05599,9,93,84,90,31,31
R05599,10,120,111,92,40,40
R05599,11,114,108,94,38,38
R05599,12,75,69,92,25,25
R05599,13,69,63,91,23,23
R05599,14,57,57,100,19,19
R05599,15,99,93,93,33,33
R05599,16,48,42,87,16,16
R05599,17,24,15,62,8,8
R05599,18,3,3,100,1,1
R05601,8,54,51,94,18,16
R05601,9,48,48,100,16,16
R05601,10,63,51,80,21,21
R05601,11,60,51,85,20,20
R05601,12,57,54,94,19,19
R05601,13,45,42,93,15,15
R05601,14,24,15,62,8,8
R05601,15,45,42,93,15,15
R05601,16,36,33,91,12,12
R05601,17,18,12,66,6,6
R05877,8,9,9,100,3,3
R05877,9,60,60,100,20,20
R05877,10,48,39,81,16,15
R05877,11,78,72,92,26,24
R05877,12,78,72,92,26,26
R05877,13,57,54,94,19,19
R05877,14,30,30,100,10,10
R05877,15,42,36,85,14,14
R05877,16,69,57,82,23,23
R05877,17,9,9,100,3,3
R05877,18,27,21,77,9,9
R05884,8,93,87,93,31,31
R05884,9,63,60,95,21,20
R05884,10,45,45,100,15,15
R05884,11,48,45,93,16,16
R05884,12,36,36,100,12,12
R05884,13,12,12,100,4,4
R05884,14,27,24,88,9,9
R05884,15,30,27,90,10,10
R05884,16,21,21,100,7,7
R05884,17,36,33,91,12,12
R05884,18,3,3,100,1,1
R05891,7,12,9,75,4,4
R05891,8,93,90,96,31,29
R05891,9,108,105,97,36,34
R05891,10,105,102,97,35,35
R05891,11,81,81,100,27,27
R05891,12,69,66,95,23,23
R05891,13,90,84,93,30,30
R05891,14,69,69,100,23,23
R05891,15,72,69,95,24,24
R05891,16,24,24,100,8,8
R05891,17,3,3,100,1,1
R05927,8,15,15,100,5,5
R05927,9,90,69,76,30,30
R05927,10,66,57,86,22,22
R05927,11,105,84,80,35,33
R05927,12,120,87,72,40,40
R05927,13,69,51,73,23,23
R05927,14,111,90,81,37,37
R05927,15,129,111,86,43,43
R05927,16,105,90,85,35,35
R05927,17,99,90,90,33,33
R05927,18,9,9,100,3,3
R05938,8,42,33,78,14,13
R05938,9,75,63,84,25,25
R05938,10,84,69,82,28,28
R05938,11,69,63,91,23,23
R05938,12,102,84,82,34,34
R05938,13,36,27,75,12,12
R05938,14,30,30,100,10,10
R05938,15,75,60,80,25,25
R05938,16,54,45,83,18,18
R05938,17,27,18,66,9,9
R05938,18,9,9,100,3,3
R06044,7,3,3,100,1,1
R06044,8,78,72,92,26,25
R06044,9,108,102,94,36,35
R06044,10,51,51,100,17,17
R06044,11,60,51,85,20,19
R06044,12,57,51,89,19,19
R06044,13,60,54,90,20,20
R06044,14,24,24,100,8,8
R06044,15,69,57,82,23,23
R06044,16,63,60,95,21,21
R06044,17,21,18,85,7,7
R06049,8,21,21,100,7,7
R06049,9,51,48,94,17,17
R06049,10,18,18,100,6,6
R06049,11,42,42,100,14,13
R06049,12,30,30,100,10,10
R06049,13,15,15,100,5,5
R06049,14,36,33,91,12,12
R06049,15,45,45,100,15,15
R06049,16,21,21,100,7,7
R06049,17,72,66,91,24,24
R06049,18,27,27,100,9,9
R06052,7,3,3,100,1,1
R06052,8,81,69,85,27,27
R06052,9,123,117,95,41,41
R06052,10,99,93,93,33,33
R06052,11,90,87,96,30,30
R06052,12,60,60,100,20,20
R06052,13,45,42,93,15,15
R06052,14,54,48,88,18,18
R06052,15,36,33,91,12,12
R06052,16,9,9,100,3,3
R06057,7,6,6,100,2,2
R06057,8,81,75,92,27,26
R06057,9,54,54,100,18,18
R06057,10,57,57,100,19,19
R06057,11,60,51,85,20,20
R06057,12,75,75,100,25,25
R06057,13,30,30,100,10,10
R06057,14,42,39,92,14,14
R06057,15,48,48,100,16,16
R06057,16,39,36,92,13,13
R06057,17,30,30,100,10,10
R06057,18,3,3,100,1,1
R06060,8,90,84,93,30,29
R06060,9,123,111,90,41,41
R06060,10,81,69,85,27,27
R06060,11,78,69,88,26,26
R06060,12,84,75,89,28,28
R06060,13,66,54,81,22,22
R06060,14,54,48,88,18,18
R06060,15,114,102,89,38,38
R06060,16,36,30,83,12,12
R06060,17,21,21,100,7,7
R06063,8,48,45,93,16,15
R06063,9,84,84,100,28,27
R06063,10,48,48,100,16,16
R06063,11,60,57,95,20,20
R06063,12,72,66,91,24,24
R06063,13,90,87,96,30,30
R06063,14,36,33,91,12,12
R06063,15,57,54,94,19,19
R06063,16,84,72,85,28,28
R06063,17,60,57,95,20,20
R06063,18,6,3,50,2,2
R06066,8,27,24,88,9,8
R06066,9,63,57,90,21,19
R06066,10,69,51,73,23,23
R06066,11,72,63,87,24,23
R06066,12,78,75,96,26,26
R06066,13,33,27,81,11,11
R06066,14,57,48,84,19,19
R06066,15,81,63,77,27,27
R06066,16,72,66,91,24,24
R06066,17,75,69,92,25,25
R06066,18,21,18,85,7,7
R06072,7,9,9,100,3,3
R06072,8,147,135,91,49,46
R06072,9,69,69,100,23,23
R06072,10,96,93,96,32,32
R06072,11,78,66,84,26,26
R06072,12,54,39,72,18,18
R06072,13,48,42,87,16,16
R06072,14,63,63,100,21,21
R06072,15,42,42,100,14,14
R06072,16,48,39,81,16,16
R06072,17,15,15,100,5,5
R06074,8,18,18,100,6,6
R06074,9,48,45,93,16,16
R06074,10,51,48,94,17,17
R06074,11,60,57,95,20,18
R06074,12,75,69,92,25,25
R06074,13,42,39,92,14,14
R06074,14,42,39,92,14,14
R06074,15,48,48,100,16,16
R06074,16,45,42,93,15,15
R06074,17,39,33,84,13,13
R06074,18,30,30,100,10,10
R06074,19,3,3,100,1,1
R06076,8,36,33,91,12,11
R06076,9,51,42,82,17,17
R06076,10,24,24,100,8,8
R06076,11,42,39,92,14,14
R06076,12,39,39,100,13,13
R06076,13,21,18,85,7,7
R06076,14,51,45,88,17,17
R06076,15,60,60,100,20,20
R06076,16,42,39,92,14,13
R06076,17,39,30,76,13,13
R06076,18,18,18,100,6,6
R06076,19,3,3,100,1,1
R06083,8,99,87,87,33,32
R06083,9,99,90,90,33,32
R06083,10,75,63,84,25,25
R06083,11,129,117,90,43,43
R06083,12,135,126,93,45,45
R06083,13,72,66,91,24,24
R06083,14,81,78,96,27,27
R06083,15,90,87,96,30,30
R06083,16,42,36,85,14,14
R06083,17,12,12,100,4,4
R06084,7,3,3,100,1,1
R06084,8,60,60,100,20,20
R06084,9,69,66,95,23,23
R06084,10,60,60,100,20,20
R06084,11,60,54,90,20,20
R06084,12,57,54,94,19,19
R06084,13,36,33,91,12,12
R06084,14,54,51,94,18,18
R06084,15,57,54,94,19,19
R06084,16,33,30,90,11,11
R06084,17,18,18,100,6,6
R06084,18,3,3,100,1,1
R06087,8,114,105,92,38,34
R06087,9,87,81,93,29,28
R06087,10,111,105,94,37,36
R06087,11,138,123,89,46,46
R06087,12,96,96,100,32,32
R06087,13,54,51,94,18,18
R06087,14,66,63,95,22,22
R06087,15,84,84,100,28,28
R06087,16,39,33,84,13,13
R06087,17,21,21,100,7,7
R06088,11,3,3,100,1,1
R06088,12,3,0,0,1,1
R06088,13,3,3,100,1,1
R06088,14,3,3,100,1,1
R06255,7,9,6,66,3,3
R06255,8,117,99,84,39,35
R06255,9,66,51,77,22,22
R06255,10,114,96,84,38,38
R06255,11,69,63,91,23,23
R06255,12,114,84,73,38,38
R06255,13,72,66,91,24,24
R06255,14,120,108,90,40,40
R06255,15,84,75,89,28,28
R06255,16,54,45,83,18,18
R06255,17,15,15,100,5,5
R06255,18,18,12,66,6,6
R06255,19,3,3,100,1,1
R06260,8,51,48,94,17,17
R06260,9,66,57,86,22,22
R06260,10,27,21,77,9,9
R06260,11,69,63,91,23,22
R06260,12,27,24,88,9,9
R06260,13,24,24,100,8,8
R06260,14,24,21,87,8,8
R06260,15,48,42,87,16,16
R06260,16,39,30,76,13,13
R06260,17,24,21,87,8,8
R06260,18,21,21,100,7,7
R06260,19,6,3,50,2,2
R06264,8,87,75,86,29,27
R06264,9,72,63,87,24,24
R06264,10,57,45,78,19,19
R06264,11,57,36,63,19,19
R06264,12,75,60,80,25,25
R06264,13,99,87,87,33,31
R06264,14,69,60,86,23,23
R06264,15,78,66,84,26,26
R06264,16,81,69,85,27,27
R06264,17,42,33,78,14,14
R06264,18,21,18,85,7,7
R06264,19,3,3,100,1,1
R06272,8,12,12,100,4,4
R06272,9,27,21,77,9,8
R06272,10,12,12,100,4,4
R06272,11,30,24,80,10,10
R06272,12,57,48,84,19,19
R06272,13,48,45,93,16,16
R06272,14,36,33,91,12,12
R06272,15,45,45,100,15,15
R06272,16,36,27,75,12,12
R06272,17,36,21,58,12,11
R06272,18,33,30,90,11,11
R06272,19,9,6,66,3,3
R06273,7,12,12,100,4,4
R06273,8,87,72,82,29,25
R06273,9,66,57,86,22,22
R06273,10,102,81,79,34,33
R06273,11,99,84,84,33,33
R06273,12,90,75,83,30,30
R06273,13,84,66,78,28,28
R06273,14,81,69,85,27,27
R06273,15,51,39,76,17,17
R06273,16,9,3,33,3,3
R06275,7,27,27,100,9,9
R06275,8,171,153,89,57,56
R06275,9,237,207,87,79,71
R06275,10,222,189,85,74,73
R06275,11,201,174,86,67,66
R06275,12,189,168,88,63,62
R06275,13,150,138,92,50,50
R06275,14,126,120,95,42,42
R06275,15,123,105,85,41,41
R06275,16,75,48,64,25,25
R06275,17,18,18,100,6,6
R06275,18,3,3,100,1,1
R06275,19,3,3,100,1,1
R06278,7,3,3,100,1,1
R06278,8,99,78,78,33,31
R06278,9,144,111,77,48,48
R06278,10,198,162,81,66,66
R06278,11,189,156,82,63,63
R06278,12,162,147,90,54,54
R06278,13,63,51,80,21,21
R06278,14,156,111,71,52,52
R06278,15,126,102,80,42,42
R06278,16,105,75,71,35,35
R06278,17,30,27,90,10,10
R06281,8,3,0,0,1,1
R06281,9,45,33,73,15,15
R06281,10,63,51,80,21,21
R06281,11,84,60,71,28,27
R06281,12,75,48,64,25,25
R06281,13,78,42,53,26,26
R06281,14,42,30,71,14,14
R06281,15,78,42,53,26,26
R06281,16,48,27,56,16,16
R06281,17,87,48,55,29,29
R06281,18,30,21,70,10,10
R06281,19,12,12,100,4,4
R06281,20,3,3,100,1,1
R06288,8,27,24,88,9,8
R06288,9,132,108,81,44,42
R06288,10,129,120,93,43,43
R06288,11,111,99,89,37,37
R06288,12,99,87,87,33,33
R06288,13,54,54,100,18,18
R06288,14,96,84,87,32,32
R06288,15,69,60,86,23,23
R06288,16,93,78,83,31,31
R06288,17,27,24,88,9,9
R06295,7,6,6,100,2,2
R06295,8,69,60,86,23,19
R06295,9,117,108,92,39,39
R06295,10,57,42,73,19,19
R06295,11,78,75,96,26,26
R06295,12,75,63,84,25,25
R06295,13,39,36,92,13,13
R06295,14,54,45,83,18,18
R06295,15,78,63,80,26,26
R06295,16,72,63,87,24,24
R06295,17,51,39,76,17,17
R06295,18,24,15,62,8,8
R06295,19,3,3,100,1,1
R06306,8,51,51,100,17,17
R06306,9,48,42,87,16,16
R06306,10,48,48,100,16,16
R06306,11,45,45,100,15,14
R06306,12,48,48,100,16,16
R06306,13,60,57,95,20,20
R06306,14,24,21,87,8,8
R06306,15,21,18,85,7,7
R06306,16,39,36,92,13,13
R06306,17,18,18,100,6,6
R06307,8,3,3,100,1,1
R06307,9,30,30,100,10,10
R06307,10,6,3,50,2,2
R06307,11,21,18,85,7,7
R06307,12,15,15,100,5,5
R06307,13,27,27,100,9,9
R06307,14,18,18,100,6,6
R06307,15,12,6,50,4,4
R06307,16,27,27,100,9,9
R06307,17,21,21,100,7,7
R06307,18,24,18,75,8,8
R06312,8,12,12,100,4,4
R06312,9,75,66,88,25,23
R06312,10,30,30,100,10,10
R06312,11,48,33,68,16,16
R06312,12,48,36,75,16,16
R06312,13,27,21,77,9,9
R06312,14,39,36,92,13,13
R06312,15,54,51,94,18,18
R06312,16,36,36,100,12,12
R06312,17,39,39,100,13,13
R06312,18,15,15,100,5,5
R06312,19,3,3,100,1,1
R06315,8,18,12,66,6,6
R06315,9,90,69,76,30,27
R06315,10,72,57,79,24,23
R06315,11,66,57,86,22,22
R06315,12,75,42,56,25,25
R06315,13,57,33,57,19,19
R06315,14,93,66,70,31,31
R06315,15,105,81,77,35,34
R06315,16,72,60,83,24,24
R06315,17,96,75,78,32,32
R06315,18,21,15,71,7,7
R06315,19,3,3,100,1,1
R06718,8,6,6,100,2,2
R06718,9,39,30,76,13,13
R06718,10,54,54,100,18,18
R06718,11,48,45,93,16,16
R06718,12,39,30,76,13,13
R06718,13,30,27,90,10,10
R06718,14,33,30,90,11,11
R06718,15,45,42,93,15,15
R06718,16,42,39,92,14,14
R06718,17,42,42,100,14,14
R06718,18,9,9,100,3,3
R06732,8,36,33,91,12,12
R06732,9,57,54,94,19,18
R06732,10,84,78,92,28,28
R06732,11,51,48,94,17,17
R06732,12,36,36,100,12,12
R06732,13,63,60,95,21,21
R06732,14,27,27,100,9,9
R06732,15,60,57,95,20,20
R06732,16,42,33,78,14,14
R06732,17,30,30,100,10,10
R06732,18,9,9,100,3,3
R06737,7,6,6,100,2,2
R06737,8,90,87,96,30,28
R06737,9,72,69,95,24,24
R06737,10,60,54,90,20,19
R06737,11,57,57,100,19,19
R06737,12,78,60,76,26,26
R06737,13,63,63,100,21,21
R06737,14,54,51,94,18,18
R06737,15,69,69,100,23,23
R06737,16,39,33,84,13,13
R06737,17,39,39,100,13,13
R06737,18,9,6,66,3,3
R06804,8,90,75,83,30,29
R06804,9,108,87,80,36,36
R06804,10,105,84,80,35,34
R06804,11,153,129,84,51,49
R06804,12,105,81,77,35,35
R06804,13,72,63,87,24,24
R06804,14,54,45,83,18,18
R06804,15,96,84,87,32,32
R06804,16,90,72,80,30,30
R06804,17,30,24,80,10,10
R06886,8,84,75,89,28,28
R06886,9,81,69,85,27,26
R06886,10,87,81,93,29,28
R06886,11,72,66,91,24,23
R06886,12,84,78,92,28,28
R06886,13,15,6,40,5,5
R06886,14,54,48,88,18,18
R06886,15,66,54,81,22,22
R06886,16,63,60,95,21,21
R06886,17,15,15,100,5,5
R06886,18,18,15,83,6,6
R06886,19,6,6,100,2,2
R06889,8,33,30,90,11,11
R06889,9,21,18,85,7,7
R06889,10,42,42,100,14,14
R06889,11,60,60,100,20,20
R06889,12,45,42,93,15,15
R06889,13,21,18,85,7,7
R06889,14,42,39,92,14,14
R06889,15,63,57,90,21,21
R06889,16,39,39,100,13,13
R06889,17,36,36,100,12,12
R06889,18,15,15,100,5,5
R06890,8,30,27,90,10,10
R06890,9,39,39,100,13,13
R06890,10,72,60,83,24,24
R06890,11,57,51,89,19,19
R06890,12,60,54,90,20,20
R06890,13,54,51,94,18,18
R06890,14,33,30,90,11,11
R06890,15,39,39,100,13,13
R06890,16,45,42,93,15,15
R06890,17,24,24,100,8,8
R06890,18,9,6,66,3,3
R06895,8,63,63,100,21,20
R06895,9,117,105,89,39,38
R06895,10,93,84,90,31,31
R06895,11,69,63,91,23,23
R06895,12,87,84,96,29,29
R06895,13,21,21,100,7,7
R06895,14,93,84,90,31,31
R06895,15,66,60,90,22,22
R06895,16,69,66,95,23,23
R06895,17,57,48,84,19,19
R06895,18,12,12,100,4,4
R06897,8,72,66,91,24,23
R06897,9,36,36,100,12,12
R06897,10,63,63,100,21,21
R06897,11,45,45,100,15,15
R06897,12,45,45,100,15,15
R06897,13,21,21,100,7,7
R06897,14,51,45,88,17,17
R06897,15,63,63,100,21,21
R06897,16,48,36,75,16,16
R06897,17,54,54,100,18,18
R06897,18,12,12,100,4,4
R06897,19,9,6,66,3,3
R06900,8,51,51,100,17,16
R06900,9,42,42,100,14,14
R06900,10,15,15,100,5,5
R06900,11,18,18,100,6,6
R06900,12,45,39,86,15,15
R06900,13,3,3,100,1,1
R06900,14,33,30,90,11,11
R06900,15,24,21,87,8,8
R06900,16,27,24,88,9,9
R06900,17,27,21,77,9,9
R06900,18,27,27,100,9,9
R06905,8,99,78,78,33,32
R06905,9,108,93,86,36,33
R06905,10,105,99,94,35,35
R06905,11,129,120,93,43,43
R06905,12,177,165,93,59,58
R06905,13,99,90,90,33,33
R06905,14,99,87,87,33,33
R06905,15,90,87,96,30,30
R06905,16,66,60,90,22,22
R06905,17,27,24,88,9,9
R06905,18,15,12,80,5,5
R06905,19,9,6,66,3,3
R06905,20,3,3,100,1,1
R06963,7,6,3,50,2,2
R06963,8,63,54,85,21,20
R06963,9,69,60,86,23,23
R06963,10,99,81,81,33,32
R06963,11,87,69,79,29,29
R06963,12,63,60,95,21,21
R06963,13,63,54,85,21,21
R06963,14,66,60,90,22,22
R06963,15,96,84,87,32,32
R06963,16,78,63,80,26,26
R06963,17,21,18,85,7,7
R06974,7,3,3,100,1,1
R06974,8,57,51,89,19,19
R06974,9,129,120,93,43,43
R06974,10,87,81,93,29,29
R06974,11,87,75,86,29,29
R06974,12,90,75,83,30,30
R06974,13,84,66,78,28,28
R06974,14,69,66,95,23,23
R06974,15,81,75,92,27,27
R06974,16,57,45,78,19,19
R06974,17,39,36,92,13,13
R06974,18,21,18,85,7,7
R06974,19,3,3,100,1,1
R06976,7,9,9,100,3,3
R06976,8,63,48,76,21,20
R06976,9,69,60,86,23,23
R06976,10,36,30,83,12,12
R06976,11,51,42,82,17,17
R06976,12,66,51,77,22,22
R06976,13,42,27,64,14,14
R06976,14,60,54,90,20,20
R06976,15,114,87,76,38,38
R06976,16,81,72,88,27,26
R06976,17,75,51,68,25,25
R06976,18,24,21,87,8,8
R06976,19,9,9,100,3,3
R06976,20,3,3,100,1,1
R07054,8,3,0,0,1,1
R07054,10,12,9,75,4,4
R07054,11,6,3,50,2,2
R07054,12,3,3,100,1,1
R07054,13,6,6,100,2,2
R07054,14,15,12,80,5,5
R07054,15,6,3,50,2,2
R07054,16,9,9,100,3,3
R07054,17,9,3,33,3,3
R07054,19,3,3,100,1,1
R07084,8,27,18,66,9,9
R07084,9,132,102,77,44,42
R07084,10,141,96,68,47,46
R07084,11,129,93,72,43,42
R07084,12,96,60,62,32,32
R07084,13,60,33,55,20,20
R07084,14,129,78,60,43,43
R07084,15,138,87,63,46,46
R07084,16,90,57,63,30,30
R07084,17,75,39,52,25,25
R07084,18,9,6,66,3,3
R07161,8,69,57,82,23,22
R07161,9,171,150,87,57,54
R07161,10,123,111,90,41,40
R07161,11,162,138,85,54,53
R07161,12,144,126,87,48,48
R07161,13,66,57,86,22,22
R07161,14,174,156,89,58,58
R07161,15,153,141,92,51,51
R07161,16,141,132,93,47,47
R07161,17,63,54,85,21,21
R07161,18,24,21,87,8,8
R07174,7,21,18,85,7,7
R07174,8,111,105,94,37,37
R07174,9,84,78,92,28,28
R07174,10,108,99,91,36,35
R07174,11,84,75,89,28,28
R07174,12,105,87,82,35,35
R07174,13,24,24,100,8,8
R07174,14,78,75,96,26,26
R07174,15,69,66,95,23,22
R07174,16,60,54,90,20,20
R07174,17,21,18,85,7,7
R07174,18,3,3,100,1,1
R07302,8,21,12,57,7,7
R07302,9,111,87,78,37,36
R07302,10,87,69,79,29,27
R07302,11,84,63,75,28,28
R07302,12,96,78,81,32,32
R07302,13,63,48,76,21,21
R07302,14,60,45,75,20,20
R07302,15,96,69,71,32,32
R07302,16,87,72,82,29,29
R07302,17,42,36,85,14,14
R07455,7,3,3,100,1,1
R07455,8,57,51,89,19,18
R07455,9,60,57,95,20,19
R07455,10,54,51,94,18,18
R07455,11,45,45,100,15,15
R07455,12,78,69,88,26,26
R07455,13,45,42,93,15,15
R07455,14,57,54,94,19,19
R07455,15,57,51,89,19,19
R07455,16,42,36,85,14,14
R07455,17,48,27,56,16,16
R07455,18,24,21,87,8,8
R07455,19,30,27,90,10,10
R07456,7,3,0,0,1,1
R07456,8,51,48,94,17,17
R07456,9,51,39,76,17,17
R07456,10,51,36,70,17,17
R07456,11,45,39,86,15,15
R07456,12,63,54,85,21,21
R07456,13,72,69,95,24,23
R07456,14,57,51,89,19,19
R07456,15,42,33,78,14,14
R07456,16,60,45,75,20,20
R07456,17,78,72,92,26,26
R07456,18,39,30,76,13,13
R07456,19,6,6,100,2,2
R07458,8,42,39,92,14,12
R07458,9,75,57,76,25,24
R07458,10,60,42,70,20,19
R07458,11,63,57,90,21,21
R07458,12,69,63,91,23,23
R07458,13,81,60,74,27,27
R07458,14,60,45,75,20,20
R07458,15,60,51,85,20,20
R07458,16,48,33,68,16,16
R07458,17,24,24,100,8,8
R07458,18,6,6,100,2,2
R07459,8,15,15,100,5,4
R07459,9,27,21,77,9,9
R07459,10,39,36,92,13,13
R07459,11,42,33,78,14,14
R07459,12,36,36,100,12,12
R07459,13,24,9,37,8,8
R07459,14,33,27,81,11,11
R07459,15,39,33,84,13,13
R07459,16,36,33,91,12,12
R07459,17,21,15,71,7,7
R07459,18,9,3,33,3,3
R07460,7,6,3,50,2,2
R07460,8,48,42,87,16,16
R07460,9,114,99,86,38,38
R07460,10,120,105,87,40,40
R07460,11,171,150,87,57,57
R07460,12,180,168,93,60,60
R07460,13,141,129,91,47,47
R07460,14,132,120,90,44,44
R07460,15,201,189,94,67,67
R07460,16,174,147,84,58,58
R07460,17,126,105,83,42,42
R07460,18,3,3,100,1,1
R07460,19,9,9,100,3,3
R07463,8,33,24,72,11,11
R07463,9,51,51,100,17,17
R07463,10,33,30,90,11,11
R07463,11,63,57,90,21,21
R07463,12,57,51,89,19,19
R07463,13,48,36,75,16,16
R07463,14,36,30,83,12,12
R07463,15,42,33,78,14,14
R07463,16,42,27,64,14,14
R07463,17,45,36,80,15,15
R07463,18,18,12,66,6,6
R07463,19,3,3,100,1,1
R07465,8,18,12,66,6,6
R07465,9,48,48,100,16,14
R07465,10,30,27,90,10,10
R07465,11,45,30,66,15,15
R07465,12,66,54,81,22,22
R07465,13,24,24,100,8,7
R07465,14,30,27,90,10,10
R07465,15,36,30,83,12,12
R07465,16,30,30,100,10,10
R07465,17,36,18,50,12,12
R07465,18,9,6,66,3,3
R07466,8,24,18,75,8,8
R07466,9,33,33,100,11,10
R07466,10,45,45,100,15,15
R07466,11,30,30,100,10,10
R07466,12,33,33,100,11,11
R07466,13,45,45,100,15,15
R07466,14,30,30,100,10,10
R07466,15,24,21,87,8,8
R07466,16,12,12,100,4,4
R07466,17,3,3,100,1,1
R07467,8,54,45,83,18,17
R07467,9,75,72,96,25,25
R07467,10,72,69,95,24,24
R07467,11,87,72,82,29,29
R07467,12,93,87,93,31,31
R07467,13,51,45,88,17,17
R07467,14,36,33,91,12,12
R07467,15,42,36,85,14,14
R07467,16,42,24,57,14,13
R07467,17,18,18,100,6,6
R07469,8,87,66,75,29,28
R07469,9,156,144,92,52,51
R07469,10,105,93,88,35,35
R07469,11,162,138,85,54,54
R07469,12,156,123,78,52,52
R07469,13,99,87,87,33,33
R07469,14,117,102,87,39,39
R07469,15,129,117,90,43,43
R07469,16,96,84,87,32,32
R07469,17,33,30,90,11,11
R07469,18,3,0,0,1,1
R07470,8,18,15,83,6,6
R07470,9,57,51,89,19,17
R07470,10,15,15,100,5,5
R07470,11,24,24,100,8,8
R07470,12,30,27,90,10,9
R07470,13,12,12,100,4,4
R07470,14,18,15,83,6,6
R07470,15,27,27,100,9,9
R07470,16,24,24,100,8,8
R07470,17,3,0,0,1,1
R07472,8,9,6,66,3,2
R07472,9,81,78,96,27,24
R07472,10,60,57,95,20,19
R07472,11,48,42,87,16,16
R07472,12,36,33,91,12,12
R07472,13,36,33,91,12,12
R07472,14,36,27,75,12,12
R07472,15,51,45,88,17,17
R07472,16,63,63,100,21,21
R07472,17,66,63,95,22,22
R07472,18,30,27,90,10,10
R07472,19,6,6,100,2,2
R07473,8,75,63,84,25,24
R07473,9,120,108,90,40,40
R07473,10,51,51,100,17,17
R07473,11,93,87,93,31,30
R07473,12,87,69,79,29,29
R07473,13,87,72,82,29,29
R07473,14,81,72,88,27,27
R07473,15,84,78,92,28,28
R07473,16,87,72,82,29,29
R07473,17,54,45,83,18,18
R07473,18,9,9,100,3,3
R07473,19,3,3,100,1,1
R07475,7,6,6,100,2,2
R07475,8,24,21,87,8,8
R07475,9,30,27,90,10,9
R07475,10,36,30,83,12,12
R07475,11,48,42,87,16,16
R07475,12,54,45,83,18,17
R07475,13,48,42,87,16,16
R07475,14,18,18,100,6,6
R07475,15,36,30,83,12,12
R07475,16,30,24,80,10,10
R07475,17,24,21,87,8,8
R07475,19,6,6,100,2,2
R07476,7,3,0,0,1,1
R07476,8,81,72,88,27,26
R07476,9,81,72,88,27,27
R07476,10,27,27,100,9,9
R07476,11,48,42,87,16,16
R07476,12,42,39,92,14,14
R07476,13,27,21,77,9,9
R07476,14,27,24,88,9,9
R07476,15,42,36,85,14,14
R07476,16,33,27,81,11,11
R07476,17,48,45,93,16,16
R07476,18,18,18,100,6,6
R07476,19,3,3,100,1,1
R07477,8,21,21,100,7,7
R07477,9,51,42,82,17,17
R07477,10,18,12,66,6,6
R07477,11,33,30,90,11,11
R07477,12,39,39,100,13,13
R07477,13,21,15,71,7,7
R07477,14,48,45,93,16,16
R07477,15,33,30,90,11,11
R07477,16,33,24,72,11,11
R07477,17,27,21,77,9,9
R07477,18,3,3,100,1,1
R07478,8,42,33,78,14,14
R07478,9,39,39,100,13,13
R07478,10,30,30,100,10,10
R07478,11,27,24,88,9,9
R07478,12,99,96,96,33,33
R07478,13,60,57,95,20,20
R07478,14,60,60,100,20,20
R07478,15,63,51,80,21,21
R07478,16,63,51,80,21,21
R07478,17,48,48,100,16,16
R07478,18,24,21,87,8,8
R07478,19,3,3,100,1,1
R07480,8,42,39,92,14,14
R07480,9,78,72,92,26,25
R07480,10,33,30,90,11,10
R07480,11,42,33,78,14,13
R07480,12,63,51,80,21,21
R07480,13,27,21,77,9,9
R07480,14,42,30,71,14,14
R07480,15,51,48,94,17,17
R07480,16,45,45,100,15,15
R07480,17,21,15,71,7,7
R07480,18,18,18,100,6,6
R07481,7,9,9,100,3,3
R07481,8,93,81,87,31,30
R07481,9,78,72,92,26,24
R07481,10,72,57,79,24,24
R07481,11,63,54,85,21,21
R07481,12,39,36,92,13,13
R07481,13,54,48,88,18,18
R07481,14,48,45,93,16,16
R07481,15,36,24,66,12,12
R07481,16,24,24,100,8,8
R07481,17,39,33,84,13,13
R07481,18,15,12,80,5,5
R07482,8,96,66,68,32,32
R07482,9,105,87,82,35,35
R07482,10,78,69,88,26,26
R07482,11,66,57,86,22,22
R07482,12,75,66,88,25,25
R07482,13,57,54,94,19,19
R07482,14,42,39,92,14,14
R07482,15,48,39,81,16,16
R07482,16,42,36,85,14,14
R07482,17,51,48,94,17,17
R07482,18,21,18,85,7,7
R07482,19,9,6,66,3,3
R07753,7,3,3,100,1,1
R07753,8,39,24,61,13,13
R07753,9,81,66,81,27,26
R07753,10,84,69,82,28,28
R07753,11,39,33,84,13,13
R07753,12,60,42,70,20,20
R07753,13,36,36,100,12,12
R07753,14,30,24,80,10,10
R07753,15,54,48,88,18,18
R07753,16,48,36,75,16,16
R07753,17,54,51,94,18,18
R07753,18,30,24,80,10,10
R07753,19,33,30,90,11,11
R07756,8,12,9,75,4,4
R07756,9,102,87,85,34,33
R07756,10,57,48,84,19,19
R07756,11,93,75,80,31,31
R07756,12,66,54,81,22,22
R07756,13,66,51,77,22,21
R07756,14,48,36,75,16,16
R07756,15,114,78,68,38,38
R07756,16,102,84,82,34,34
R07756,17,69,54,78,23,23
R07756,18,12,9,75,4,4
R07758,7,6,6,100,2,2
R07758,8,186,162,87,62,59
R07758,9,168,120,71,56,56
R07758,10,138,108,78,46,44
R07758,11,174,141,81,58,58
R07758,12,135,111,82,45,44
R07758,13,129,99,76,43,43
R07758,14,159,108,67,53,53
R07758,15,165,138,83,55,55
R07758,16,102,90,88,34,34
R07758,17,24,21,87,8,8
R07758,18,9,9,100,3,3
R07759,7,3,3,100,1,1
R07759,8,63,57,90,21,21
R07759,9,126,114,90,42,40
R07759,10,129,120,93,43,42
R07759,11,117,108,92,39,38
R07759,12,111,99,89,37,37
R07759,13,51,45,88,17,17
R07759,14,63,57,90,21,21
R07759,15,81,72,88,27,26
R07759,16,57,48,84,19,19
R07759,17,27,27,100,9,9
R07760,8,51,45,88,17,17
R07760,9,69,60,86,23,23
R07760,10,78,66,84,26,26
R07760,11,51,39,76,17,17
R07760,12,75,69,92,25,25
R07760,13,42,33,78,14,14
R07760,14,30,27,90,10,10
R07760,15,63,60,95,21,21
R07760,16,66,63,95,22,22
R07760,17,24,24,100,8,8
R07760,18,6,3,50,2,2
R07761,7,3,0,0,1,1
R07761,8,42,33,78,14,12
R07761,9,45,39,86,15,15
R07761,10,24,24,100,8,8
R07761,11,42,33,78,14,14
R07761,12,39,36,92,13,13
R07761,13,39,36,92,13,13
R07761,14,12,12,100,4,4
R07761,15,36,33,91,12,12
R07761,16,33,27,81,11,11
R07761,17,27,24,88,9,9
R07761,18,45,36,80,15,15
R07761,19,15,12,80,5,5
R07762,8,72,63,87,24,23
R07762,9,75,69,92,25,24
R07762,10,93,78,83,31,30
R07762,11,81,69,85,27,27
R07762,12,75,57,76,25,25
R07762,13,69,63,91,23,23
R07762,14,57,54,94,19,19
R07762,15,60,48,80,20,20
R07762,16,57,51,89,19,19
R07762,17,24,15,62,8,8
R07763,8,12,9,75,4,4
R07763,9,33,27,81,11,11
R07763,10,15,15,100,5,5
R07763,11,30,21,70,10,9
R07763,12,51,36,70,17,17
R07763,13,33,27,81,11,10
R07763,14,24,18,75,8,8
R07763,15,21,18,85,7,7
R07763,16,39,39,100,13,13
R07763,17,33,24,72,11,11
R07763,18,30,27,90,10,10
R07763,19,9,6,66,3,3
R07763,20,3,3,100,1,1
R07765,8,42,42,100,14,14
R07765,9,69,60,86,23,23
R07765,10,63,57,90,21,21
R07765,11,51,39,76,17,17
R07765,12,54,45,83,18,18
R07765,13,36,33,91,12,12
R07765,14,42,36,85,14,14
R07765,15,57,39,68,19,19
R07765,16,39,30,76,13,13
R07765,17,12,12,100,4,4
R07765,18,15,15,100,5,5
R07765,19,3,3,100,1,1
R07990,7,3,3,100,1,1
R07990,8,105,90,85,35,35
R07990,9,93,69,74,31,31
R07990,10,54,51,94,18,18
R07990,11,69,54,78,23,23
R07990,12,93,87,93,31,30
R07990,13,66,57,86,22,22
R07990,14,45,33,73,15,15
R07990,15,78,75,96,26,26
R07990,16,48,45,93,16,16
R07990,17,30,24,80,10,10
R07990,18,15,15,100,5,5
R07990,19,3,3,100,1,1
R07994,8,15,15,100,5,5
R07994,9,33,30,90,11,11
R07994,10,21,15,71,7,7
R07994,11,21,18,85,7,7
R07994,12,48,45,93,16,16
R07994,13,18,15,83,6,6
R07994,14,15,6,40,5,5
R07994,15,33,30,90,11,11
R07994,16,45,39,86,15,15
R07994,17,33,27,81,11,11
R07994,18,21,21,100,7,7
R07994,19,6,6,100,2,2
R07995,7,3,3,100,1,1
R07995,8,54,48,88,18,16
R07995,9,48,42,87,16,16
R07995,10,48,45,93,16,16
R07995,11,45,42,93,15,15
R07995,12,48,42,87,16,16
R07995,13,54,48,88,18,18
R07995,14,21,15,71,7,7
R07995,15,60,54,90,20,20
R07995,16,36,30,83,12,12
R07995,17,42,39,92,14,14
R07995,18,39,30,76,13,13
R07995,19,12,9,75,4,4
R07997,8,45,39,86,15,14
R07997,9,90,63,70,30,28
R07997,10,93,87,93,31,29
R07997,11,105,90,85,35,33
R07997,12,96,84,87,32,32
R07997,13,84,84,100,28,28
R07997,14,75,69,92,25,25
R07997,15,111,102,91,37,37
R07997,16,84,81,96,28,28
R07997,17,57,48,84,19,19
R07997,18,36,30,83,12,12
R07997,20,3,3,100,1,1
R08059,8,45,42,93,15,15
R08059,9,27,21,77,9,9
R08059,10,27,24,88,9,9
R08059,11,30,30,100,10,10
R08059,12,15,9,60,5,5
R08059,13,39,36,92,13,13
R08059,14,15,15,100,5,5
R08059,15,24,21,87,8,8
R08059,16,30,27,90,10,10
R08059,17,24,21,87,8,8
R08059,18,24,24,100,8,8
R08059,19,15,15,100,5,5
R08062,8,33,30,90,11,10
R08062,9,81,75,92,27,26
R08062,10,66,60,90,22,22
R08062,11,99,96,96,33,32
R08062,12,132,123,93,44,43
R08062,13,93,87,93,31,31
R08062,14,54,45,83,18,18
R08062,15,81,69,85,27,27
R08062,16,87,78,89,29,29
R08062,17,54,39,72,18,18
R08062,18,12,9,75,4,4
R08062,19,6,3,50,2,2
R08066,7,6,6,100,2,2
R08066,8,51,39,76,17,16
R08066,9,24,18,75,8,7
R08066,10,30,18,60,10,10
R08066,11,36,27,75,12,12
R08066,12,84,75,89,28,28
R08066,13,21,15,71,7,7
R08066,14,42,33,78,14,14
R08066,15,51,33,64,17,17
R08066,16,33,24,72,11,11
R08066,17,27,24,88,9,9
R08066,18,9,9,100,3,3
R08623,8,51,48,94,17,17
R08623,9,54,51,94,18,17
R08623,10,51,42,82,17,17
R08623,11,54,51,94,18,18
R08623,12,54,51,94,18,18
R08623,13,45,39,86,15,15
R08623,14,21,21,100,7,7
R08623,15,78,72,92,26,26
R08623,16,63,60,95,21,21
R08623,17,57,51,89,19,19
R08623,18,21,18,85,7,7
R08624,8,33,33,100,11,11
R08624,9,78,72,92,26,25
R08624,10,48,45,93,16,16
R08624,11,57,51,89,19,19
R08624,12,42,39,92,14,14
R08624,13,57,42,73,19,19
R08624,14,48,42,87,16,16
R08624,15,60,57,95,20,20
R08624,16,45,39,86,15,15
R08624,17,27,24,88,9,9
R08624,18,6,6,100,2,2
R08624,19,6,3,50,2,2
R08625,7,6,6,100,2,2
R08625,8,66,57,86,22,21
R08625,9,66,60,90,22,22
R08625,10,75,69,92,25,21
R08625,11,84,75,89,28,28
R08625,12,75,69,92,25,25
R08625,13,66,63,95,22,22
R08625,14,30,27,90,10,10
R08625,15,60,48,80,20,20
R08625,16,78,72,92,26,26
R08625,17,36,36,100,12,12
R08625,18,12,12,100,4,4
R08625,19,3,3,100,1,1
R08626,7,3,3,100,1,1
R08626,8,51,45,88,17,17
R08626,9,63,60,95,21,20
R08626,10,57,51,89,19,19
R08626,11,78,75,96,26,26
R08626,12,87,75,86,29,29
R08626,13,33,33,100,11,11
R08626,14,30,27,90,10,10
R08626,15,63,54,85,21,21
R08626,16,27,18,66,9,9
R08626,17,33,33,100,11,11
R08626,18,3,0,0,1,1
R08627,7,6,6,100,2,2
R08627,8,153,129,84,51,47
R08627,9,99,84,84,33,32
R08627,10,93,78,83,31,30
R08627,11,78,69,88,26,26
R08627,12,81,72,88,27,27
R08627,13,33,27,81,11,11
R08627,14,66,60,90,22,22
R08627,15,39,27,69,13,13
R08627,16,27,24,88,9,9
R08627,17,18,18,100,6,6
R08627,18,3,3,100,1,1
R08629,8,9,9,100,3,3
R08629,9,63,63,100,21,20
R08629,10,51,42,82,17,17
R08629,11,57,54,94,19,19
R08629,12,66,54,81,22,22
R08629,13,42,39,92,14,14
R08629,14,39,33,84,13,13
R08629,15,39,30,76,13,13
R08629,16,60,54,90,20,20
R08629,17,75,63,84,25,25
R08629,18,24,21,87,8,8
R08630,7,3,3,100,1,1
R08630,8,108,96,88,36,34
R08630,9,117,102,87,39,39
R08630,10,90,84,93,30,30
R08630,11,138,117,84,46,45
R08630,12,120,111,92,40,40
R08630,13,63,54,85,21,21
R08630,14,108,81,75,36,36
R08630,15,72,69,95,24,23
R08630,16,27,24,88,9,9
R08630,17,12,12,100,4,4
R08631,8,75,66,88,25,23
R08631,9,39,39,100,13,13
R08631,10,72,54,75,24,24
R08631,11,111,96,86,37,37
R08631,12,90,75,83,30,30
R08631,13,75,63,84,25,25
R08631,14,72,54,75,24,24
R08631,15,90,66,73,30,30
R08631,16,72,60,83,24,24
R08631,17,66,39,59,22,22
R08631,18,15,9,60,5,5
R08632,7,6,0,0,2,2
R08632,8,75,63,84,25,24
R08632,9,36,33,91,12,12
R08632,10,78,60,76,26,26
R08632,11,75,63,84,25,25
R08632,12,69,51,73,23,23
R08632,13,39,33,84,13,13
R08632,14,60,45,75,20,20
R08632,15,54,48,88,18,18
R08632,16,42,33,78,14,14
R08632,17,39,36,92,13,13
R08633,7,3,3,100,1,1
R08633,8,42,42,100,14,14
R08633,9,78,66,84,26,24
R08633,10,69,60,86,23,23
R08633,11,69,63,91,23,23
R08633,12,75,66,88,25,25
R08633,13,51,39,76,17,17
R08633,14,48,42,87,16,16
R08633,15,42,42,100,14,14
R08633,16,51,48,94,17,17
R08633,17,99,84,84,33,33
R08633,18,27,21,77,9,9
R08633,19,12,6,50,4,4
R08634,7,3,3,100,1,1
R08634,8,135,111,82,45,45
R08634,9,96,81,84,32,32
R08634,10,141,135,95,47,46
R08634,11,159,141,88,53,51
R08634,12,120,111,92,40,40
R08634,13,111,105,94,37,37
R08634,14,90,78,86,30,30
R08634,15,123,105,85,41,41
R08634,16,108,102,94,36,36
R08634,17,27,21,77,9,9
R08634,18,6,6,100,2,2
R08635,7,9,6,66,3,3
R08635,8,129,114,88,43,41
R08635,9,36,30,83,12,11
R08635,10,81,72,88,27,26
R08635,11,84,75,89,28,28
R08635,12,96,93,96,32,32
R08635,13,57,45,78,19,19
R08635,14,21,18,85,7,7
R08635,15,72,60,83,24,24
R08635,16,36,27,75,12,12
R08635,17,6,6,100,2,2
R08636,8,105,99,94,35,35
R08636,9,99,84,84,33,32
R08636,10,93,84,90,31,31
R08636,11,123,102,82,41,40
R08636,12,105,102,97,35,35
R08636,13,15,12,80,5,5
R08636,14,81,69,85,27,27
R08636,15,93,81,87,31,31
R08636,16,75,60,80,25,25
R08636,17,36,27,75,12,12
R08636,18,6,6,100,2,2
R08637,8,57,54,94,19,19
R08637,9,93,81,87,31,31
R08637,10,129,117,90,43,43
R08637,11,147,132,89,49,49
R08637,12,174,144,82,58,58
R08637,13,75,66,88,25,25
R08637,14,102,84,82,34,34
R08637,15,147,114,77,49,49
R08637,16,123,90,73,41,41
R08637,17,105,93,88,35,35
R08637,18,36,33,91,12,12
R08638,8,87,66,75,29,27
R08638,9,120,105,87,40,37
R08638,10,90,72,80,30,29
R08638,11,78,72,92,26,26
R08638,12,102,81,79,34,34
R08638,13,57,42,73,19,19
R08638,14,123,99,80,41,41
R08638,15,78,69,88,26,26
R08638,16,84,72,85,28,28
R08638,17,99,69,69,33,33
R08638,18,12,12,100,4,4
R08639,7,3,3,100,1,1
R08639,8,57,51,89,19,18
R08639,9,75,69,92,25,24
R08639,10,69,63,91,23,23
R08639,11,69,57,82,23,23
R08639,12,78,69,88,26,26
R08639,13,39,33,84,13,13
R08639,14,57,54,94,19,19
R08639,15,75,60,80,25,25
R08639,16,75,63,84,25,25
R08639,17,54,39,72,18,18
R08639,18,12,6,50,4,4
R08639,19,6,6,100,2,2
R08640,8,27,27,100,9,9
R08640,9,63,48,76,21,21
R08640,10,30,30,100,10,10
R08640,11,51,48,94,17,17
R08640,12,30,27,90,10,10
R08640,13,42,39,92,14,14
R08640,14,36,36,100,12,12
R08640,15,36,30,83,12,12
R08640,16,24,18,75,8,8
R08640,17,24,21,87,8,8
R08640,18,27,24,88,9,9
R08643,8,48,42,87,16,15
R08643,9,45,42,93,15,15
R08643,10,60,42,70,20,20
R08643,11,69,54,78,23,23
R08643,12,60,51,85,20,20
R08643,13,45,33,73,15,15
R08643,14,27,24,88,9,9
R08643,15,48,42,87,16,16
R08643,16,60,51,85,20,20
R08643,17,57,51,89,19,19
R08643,18,6,6,100,2,2
R08643,19,3,3,100,1,1
R09282,8,48,48,100,16,16
R09282,9,60,57,95,20,20
R09282,10,75,69,92,25,25
R09282,11,72,63,87,24,24
R09282,12,84,69,82,28,27
R09282,13,63,60,95,21,21
R09282,14,39,36,92,13,13
R09282,15,60,60,100,20,20
R09282,16,72,63,87,24,24
R09282,17,42,39,92,14,14
R09282,18,36,30,83,12,12
R09282,19,3,3,100,1,1
R09283,8,72,69,95,24,23
R09283,9,72,72,100,24,24
R09283,10,123,108,87,41,41
R09283,11,129,111,86,43,43
R09283,12,111,99,89,37,37
R09283,13,69,63,91,23,23
R09283,14,75,63,84,25,25
R09283,15,102,90,88,34,34
R09283,16,81,78,96,27,27
R09283,17,30,27,90,10,10
R09283,18,6,6,100,2,2
R09284,8,27,24,88,9,8
R09284,9,60,48,80,20,20
R09284,10,45,42,93,15,15
R09284,11,57,54,94,19,18
R09284,12,48,45,93,16,16
R09284,13,51,33,64,17,17
R09284,14,36,33,91,12,12
R09284,15,75,63,84,25,25
R09284,16,69,57,82,23,23
R09284,17,72,57,79,24,24
R09284,18,27,24,88,9,9
R09284,19,3,3,100,1,1
R09285,8,99,90,90,33,30
R09285,9,90,84,93,30,29
R09285,10,78,69,88,26,26
R09285,11,84,69,82,28,28
R09285,12,93,84,90,31,31
R09285,13,114,102,89,38,38
R09285,14,81,72,88,27,27
R09285,15,105,90,85,35,35
R09285,16,93,78,83,31,31
R09285,17,48,39,81,16,16
R09285,18,6,6,100,2,2
R09287,8,87,72,82,29,29
R09287,9,90,81,90,30,30
R09287,10,114,111,97,38,38
R09287,11,129,117,90,43,43
R09287,12,90,81,90,30,30
R09287,13,93,72,77,31,31
R09287,14,66,57,86,22,22
R09287,15,108,96,88,36,36
R09287,16,57,51,89,19,19
R09287,17,42,33,78,14,14
R09287,18,12,3,25,4,4
R09289,8,51,51,100,17,16
R09289,9,90,75,83,30,30
R09289,10,66,51,77,22,22
R09289,11,78,72,92,26,26
R09289,12,96,84,87,32,32
R09289,13,87,81,93,29,29
R09289,14,51,51,100,17,17
R09289,15,90,78,86,30,30
R09289,16,87,72,82,29,29
R09289,17,42,27,64,14,14
R09289,18,27,24,88,9,9
R09289,19,3,3,100,1,1
R09290,8,99,75,75,33,32
R09290,9,96,87,90,32,32
R09290,10,138,123,89,46,46
R09290,11,135,123,91,45,45
R09290,12,135,123,91,45,45
R09290,13,66,54,81,22,22
R09290,14,84,81,96,28,28
R09290,15,45,30,66,15,15
R09290,16,36,30,83,12,12
R09290,17,21,21,100,7,7
R09290,18,3,3,100,1,1
R09291,8,42,33,78,14,14
R09291,9,96,90,93,32,32
R09291,10,138,120,86,46,45
R09291,11,153,141,92,51,51
R09291,12,150,132,88,50,50
R09291,13,72,60,83,24,24
R09291,14,75,60,80,25,25
R09291,15,45,42,93,15,15
R09291,16,27,21,77,9,9
R09291,17,15,15,100,5,5
R09293,8,42,39,92,14,13
R09293,9,87,78,89,29,29
R09293,10,105,102,97,35,35
R09293,11,96,81,84,32,31
R09293,12,96,87,90,32,32
R09293,13,63,60,95,21,21
R09293,14,78,78,100,26,26
R09293,15,93,78,83,31,31
R09293,16,108,90,83,36,36
R09293,17,30,30,100,10,10
R09293,18,27,24,88,9,9
R09293,19,6,3,50,2,2
R09298,8,99,90,90,33,31
R09298,9,105,99,94,35,35
R09298,10,108,102,94,36,36
R09298,11,129,108,83,43,43
R09298,12,147,144,97,49,49
R09298,13,93,90,96,31,31
R09298,14,111,99,89,37,37
R09298,15,126,111,88,42,42
R09298,16,102,87,85,34,33
R09298,17,60,54,90,20,20
R09298,18,33,27,81,11,11
R09298,19,9,9,100,3,3
R09301,8,66,54,81,22,21
R09301,9,93,78,83,31,30
R09301,10,81,72,88,27,27
R09301,11,69,66,95,23,23
R09301,12,120,96,80,40,40
R09301,13,78,75,96,26,26
R09301,14,69,60,86,23,23
R09301,15,105,87,82,35,35
R09301,16,135,108,80,45,45
R09301,17,69,60,86,23,23
R09301,18,33,27,81,11,11
R09301,19,3,3,100,1,1
R09302,8,69,60,86,23,22
R09302,9,90,78,86,30,30
R09302,10,81,66,81,27,27
R09302,11,96,84,87,32,32
R09302,12,93,93,100,31,31
R09302,13,78,63,80,26,26
R09302,14,72,69,95,24,24
R09302,15,117,111,94,39,39
R09302,16,72,51,70,24,24
R09302,17,48,36,75,16,16
R09302,18,12,9,75,4,4
R09304,8,87,81,93,29,27
R09304,9,66,54,81,22,22
R09304,10,90,81,90,30,30
R09304,11,129,108,83,43,43
R09304,12,114,111,97,38,38
R09304,13,90,69,76,30,30
R09304,14,72,66,91,24,24
R09304,15,114,99,86,38,38
R09304,16,93,84,90,31,31
R09304,17,54,45,83,18,18
R09304,18,24,18,75,8,8
R09305,8,168,153,91,56,51
R09305,9,174,168,96,58,58
R09305,10,147,138,93,49,48
R09305,11,165,138,83,55,54
R09305,12,177,165,93,59,59
R09305,13,120,102,85,40,40
R09305,14,108,102,94,36,36
R09305,15,120,120,100,40,40
R09305,16,120,114,95,40,40
R09305,17,21,15,71,7,7
R09312,8,51,42,82,17,17
R09312,9,72,66,91,24,24
R09312,10,105,102,97,35,35
R09312,11,99,87,87,33,33
R09312,12,132,120,90,44,44
R09312,13,57,54,94,19,19
R09312,14,63,51,80,21,21
R09312,15,42,36,85,14,14
R09312,16,51,42,82,17,17
R09312,17,12,12,100,4,4
R09320,8,60,57,95,20,17
R09320,9,141,120,85,47,46
R09320,10,138,126,91,46,46
R09320,11,129,105,81,43,43
R09320,12,168,144,85,56,56
R09320,13,135,123,91,45,44
R09320,14,111,102,91,37,37
R09320,15,153,129,84,51,51
R09320,16,153,126,82,51,51
R09320,17,111,102,91,37,37
R09320,18,24,24,100,8,8
R09320,19,6,6,100,2,2
R09321,8,72,60,83,24,23
R09321,9,87,66,75,29,28
R09321,10,42,39,92,14,14
R09321,11,78,72,92,26,26
R09321,12,60,51,85,20,20
R09321,13,66,54,81,22,22
R09321,14,39,36,92,13,13
R09321,15,78,72,92,26,26
R09321,16,84,78,92,28,28
R09321,17,78,66,84,26,26
R09321,18,6,6,100,2,2
R09321,19,3,3,100,1,1
R09322,7,6,3,50,2,2
R09322,8,66,51,77,22,20
R09322,9,87,72,82,29,29
R09322,10,84,78,92,28,28
R09322,11,66,54,81,22,22
R09322,12,90,81,90,30,30
R09322,13,48,36,75,16,16
R09322,14,66,54,81,22,22
R09322,15,132,108,81,44,44
R09322,16,93,78,83,31,29
R09322,17,69,57,82,23,23
R09322,18,9,6,66,3,3
R09323,8,105,93,88,35,32
R09323,9,153,138,90,51,51
R09323,10,132,123,93,44,44
R09323,11,123,102,82,41,39
R09323,12,126,114,90,42,41
R09323,13,147,141,95,49,49
R09323,14,102,96,94,34,34
R09323,15,123,111,90,41,41
R09323,16,168,156,92,56,56
R09323,17,111,99,89,37,37
R09323,18,36,36,100,12,12
R09323,19,6,6,100,2,2
R09324,8,78,66,84,26,25
R09324,9,108,93,86,36,36
R09324,10,48,39,81,16,16
R09324,11,69,60,86,23,23
R09324,12,78,69,88,26,26
R09324,13,72,57,79,24,24
R09324,14,54,48,88,18,18
R09324,15,90,81,90,30,30
R09324,16,96,66,68,32,32
R09324,17,93,75,80,31,31
R09324,18,18,18,100,6,6
R09325,8,36,36,100,12,12
R09325,9,108,102,94,36,32
R09325,10,45,36,80,15,15
R09325,11,48,42,87,16,16
R09325,12,78,66,84,26,26
R09325,13,75,69,92,25,25
R09325,14,72,60,83,24,24
R09325,15,72,57,79,24,24
R09325,16,96,78,81,32,32
R09325,17,60,57,95,20,20
R09325,18,18,12,66,6,6
R09326,8,45,33,73,15,15
R09326,9,156,141,90,52,50
R09326,10,105,78,74,35,35
R09326,11,162,141,87,54,53
R09326,12,156,126,80,52,52
R09326,13,129,111,86,43,43
R09326,14,144,126,87,48,48
R09326,15,144,111,77,48,48
R09326,16,189,150,79,63,63
R09326,17,135,99,73,45,45
R09326,18,6,3,50,2,2
R09326,19,9,9,100,3,3
R09328,7,3,3,100,1,1
R09328,8,39,39,100,13,13
R09328,9,138,117,84,46,43
R09328,10,123,102,82,41,41
R09328,11,156,129,82,52,52
R09328,12,138,123,89,46,46
R09328,13,123,87,70,41,41
R09328,14,90,81,90,30,30
R09328,15,114,96,84,38,38
R09328,16,168,153,91,56,55
R09328,17,111,93,83,37,37
R09328,18,24,21,87,8,8
R09328,19,15,15,100,5,5
R09329,8,42,36,85,14,13
R09329,9,75,60,80,25,24
R09329,10,96,84,87,32,31
R09329,11,75,51,68,25,25
R09329,12,111,96,86,37,37
R09329,13,75,63,84,25,25
R09329,14,111,87,78,37,37
R09329,15,87,69,79,29,29
R09329,16,96,78,81,32,32
R09329,17,96,72,75,32,32
R09329,18,3,0,0,1,1
R09330,8,81,75,92,27,25
R09330,9,132,114,86,44,42
R09330,10,87,78,89,29,29
R09330,11,99,84,84,33,33
R09330,12,129,117,90,43,43
R09330,13,96,81,84,32,32
R09330,14,45,36,80,15,15
R09330,15,90,75,83,30,30
R09330,16,93,84,90,31,31
R09330,17,99,84,84,33,33
R09330,18,21,18,85,7,7
R09333,8,42,30,71,14,13
R09333,9,81,69,85,27,27
R09333,10,45,45,100,15,15
R09333,11,75,72,96,25,25
R09333,12,108,81,75,36,36
R09333,13,72,54,75,24,24
R09333,14,66,63,95,22,22
R09333,15,90,57,63,30,30
R09333,16,87,75,86,29,29
R09333,17,45,39,86,15,15
R09333,18,6,3,50,2,2
R09335,8,60,48,80,20,18
R09335,9,90,72,80,30,29
R09335,10,51,48,94,17,17
R09335,11,60,57,95,20,20
R09335,12,78,75,96,26,26
R09335,13,90,78,86,30,30
R09335,14,54,42,77,18,18
R09335,15,78,60,76,26,26
R09335,16,75,72,96,25,25
R09335,17,48,45,93,16,16
R09335,18,9,9,100,3,3
R09335,19,3,3,100,1,1
R09336,8,69,63,91,23,23
R09336,9,90,66,73,30,30
R09336,10,72,60,83,24,24
R09336,11,78,75,96,26,26
R09336,12,78,69,88,26,26
R09336,13,75,69,92,25,25
R09336,14,57,48,84,19,19
R09336,15,96,72,75,32,32
R09336,16,135,111,82,45,45
R09336,17,60,51,85,20,20
R09336,18,21,21,100,7,7
R09336,19,3,3,100,1,1
R09337,8,36,24,66,12,12
R09337,9,93,66,70,31,31
R09337,10,81,66,81,27,27
R09337,11,87,78,89,29,29
R09337,12,99,78,78,33,33
R09337,13,99,75,75,33,33
R09337,14,72,66,91,24,24
R09337,15,102,87,85,34,34
R09337,16,102,75,73,34,34
R09337,17,87,84,96,29,29
R09337,18,15,9,60,5,5
R09337,19,12,12,100,4,4
R09338,7,3,0,0,1,1
R09338,8,48,39,81,16,15
R09338,9,63,54,85,21,21
R09338,10,66,60,90,22,22
R09338,11,75,66,88,25,25
R09338,12,48,36,75,16,16
R09338,13,66,66,100,22,22
R09338,14,57,51,89,19,19
R09338,15,78,69,88,26,26
R09338,16,72,57,79,24,24
R09338,17,66,54,81,22,22
R09338,18,6,6,100,2,2
R09340,7,6,6,100,2,2
R09340,8,93,75,80,31,29
R09340,9,84,78,92,28,28
R09340,10,78,69,88,26,26
R09340,11,87,81,93,29,29
R09340,12,99,78,78,33,33
R09340,13,48,39,81,16,16
R09340,14,42,39,92,14,14
R09340,15,72,54,75,24,24
R09340,16,51,45,88,17,17
R09340,17,39,33,84,13,13
R09340,18,3,3,100,1,1
R09343,7,3,3,100,1,1
R09343,8,63,57,90,21,19
R09343,9,117,108,92,39,39
R09343,10,57,54,94,19,19
R09343,11,81,72,88,27,27
R09343,12,72,63,87,24,24
R09343,13,57,48,84,19,19
R09343,14,48,45,93,16,16
R09343,15,72,63,87,24,24
R09343,16,72,69,95,24,24
R09343,17,63,48,76,21,21
R09343,18,3,3,100,1,1
R09344,8,87,72,82,29,28
R09344,9,126,111,88,42,41
R09344,10,129,99,76,43,43
R09344,11,108,96,88,36,36
R09344,12,87,60,68,29,29
R09344,13,66,45,68,22,22
R09344,14,69,48,69,23,23
R09344,15,54,39,72,18,18
R09344,16,36,21,58,12,12
R09344,17,27,15,55,9,9
R09344,18,6,3,50,2,2
R09347,8,45,36,80,15,15
R09347,9,87,72,82,29,29
R09347,10,81,66,81,27,27
R09347,11,84,66,78,28,28
R09347,12,87,63,72,29,29
R09347,13,51,39,76,17,17
R09347,14,57,42,73,19,19
R09347,15,54,48,88,18,18
R09347,16,84,78,92,28,28
R09347,17,42,39,92,14,14
R09347,18,24,18,75,8,8
R09348,8,120,114,95,40,36
R09348,9,126,105,83,42,41
R09348,10,129,123,95,43,42
R09348,11,102,93,91,34,33
R09348,12,135,120,88,45,45
R09348,13,105,93,88,35,35
R09348,14,96,87,90,32,32
R09348,15,126,117,92,42,42
R09348,16,144,117,81,48,48
R09348,17,120,102,85,40,40
R09348,18,18,15,83,6,6
R09349,8,69,48,69,23,23
R09349,9,150,123,82,50,45
R09349,10,123,117,95,41,41
R09349,11,117,102,87,39,38
R09349,12,117,102,87,39,39
R09349,13,87,75,86,29,29
R09349,14,105,93,88,35,35
R09349,15,102,90,88,34,34
R09349,16,96,84,87,32,32
R09349,17,27,15,55,9,9
R09899,7,3,3,100,1,1
R09899,8,69,57,82,23,23
R09899,9,117,102,87,39,35
R09899,10,72,60,83,24,24
R09899,11,120,99,82,40,39
R09899,12,117,99,84,39,39
R09899,13,87,69,79,29,29
R09899,14,99,84,84,33,33
R09899,15,162,114,70,54,54
R09899,16,117,105,89,39,39
R09899,17,93,84,90,31,31
R09899,18,24,21,87,8,8
R09899,19,12,6,50,4,4
R09900,8,96,90,93,32,30
R09900,9,108,87,80,36,36
R09900,10,72,54,75,24,23
R09900,11,84,63,75,28,28
R09900,12,99,78,78,33,33
R09900,13,63,48,76,21,21
R09900,14,120,90,75,40,40
R09900,15,117,96,82,39,39
R09900,16,90,78,86,30,30
R09900,17,75,69,92,25,25
R09900,18,63,54,85,21,21
R09900,19,3,3,100,1,1
R09901,7,3,3,100,1,1
R09901,8,132,117,88,44,43
R09901,9,144,108,75,48,46
R09901,10,123,114,92,41,40
R09901,11,138,126,91,46,45
R09901,12,105,96,91,35,35
R09901,13,72,63,87,24,24
R09901,14,111,93,83,37,37
R09901,15,138,102,73,46,46
R09901,16,96,90,93,32,32
R09901,17,69,57,82,23,23
R09901,18,45,36,80,15,15
R09901,19,9,9,100,3,3
R09902,8,57,51,89,19,19
R09902,9,90,78,86,30,30
R09902,10,81,69,85,27,27
R09902,11,105,90,85,35,35
R09902,12,105,93,88,35,35
R09902,13,81,69,85,27,27
R09902,14,123,105,85,41,40
R09902,15,96,84,87,32,32
R09902,16,87,78,89,29,29
R09902,17,75,51,68,25,25
R09902,18,24,24,100,8,8
R09902,19,6,6,100,2,2
R09904,7,3,3,100,1,1
R09904,8,48,36,75,16,16
R09904,9,114,108,94,38,37
R09904,10,144,135,93,48,48
R09904,11,138,126,91,46,46
R09904,12,114,99,86,38,38
R09904,13,90,90,100,30,30
R09904,14,105,84,80,35,35
R09904,15,123,108,87,41,41
R09904,16,90,81,90,30,30
R09904,17,66,57,86,22,22
R09904,18,18,12,66,6,6
R09904,19,6,6,100,2,2
R09905,8,51,33,64,17,16
R09905,9,84,75,89,28,28
R09905,10,90,72,80,30,30
R09905,11,87,72,82,29,29
R09905,12,90,75,83,30,30
R09905,13,69,66,95,23,23
R09905,14,75,69,92,25,25
R09905,15,111,93,83,37,37
R09905,16,90,69,76,30,30
R09905,17,78,63,80,26,26
R09905,18,39,36,92,13,13
R09905,19,9,9,100,3,3
R09905,20,3,3,100,1,1
R09906,8,30,24,80,10,10
R09906,9,57,48,84,19,18
R09906,10,48,48,100,16,16
R09906,11,54,51,94,18,18
R09906,12,48,48,100,16,16
R09906,13,54,39,72,18,18
R09906,14,39,30,76,13,13
R09906,15,72,63,87,24,24
R09906,16,81,60,74,27,27
R09906,17,69,60,86,23,23
R09906,18,30,24,80,10,10
R09906,19,12,9,75,4,4
R09906,20,3,3,100,1,1
R09910,8,66,48,72,22,22
R09910,9,114,87,76,38,38
R09910,10,105,93,88,35,33
R09910,11,87,72,82,29,29
R09910,12,117,102,87,39,39
R09910,13,90,63,70,30,30
R09910,14,54,45,83,18,18
R09910,15,108,87,80,36,36
R09910,16,105,81,77,35,35
R09910,17,102,84,82,34,34
R09910,18,33,33,100,11,11
R09910,19,3,3,100,1,1
R09911,7,3,3,100,1,1
R09911,8,93,84,90,31,27
R09911,9,147,105,71,49,49
R09911,10,84,72,85,28,28
R09911,11,153,129,84,51,51
R09911,12,126,114,90,42,42
R09911,13,105,81,77,35,35
R09911,14,78,60,76,26,26
R09911,15,105,78,74,35,35
R09911,16,90,81,90,30,30
R09911,17,33,21,63,11,11
R09911,18,18,18,100,6,6
R09914,8,27,18,66,9,9
R09914,9,96,69,71,32,30
R09914,10,72,69,95,24,23
R09914,11,81,63,77,27,27
R09914,12,87,72,82,29,28
R09914,13,81,75,92,27,26
R09914,14,87,75,86,29,29
R09914,15,108,93,86,36,36
R09914,16,87,72,82,29,29
R09914,17,66,51,77,22,22
R09914,18,36,30,83,12,12
R09914,19,12,12,100,4,4
R09915,8,12,12,100,4,4
R09915,9,51,42,82,17,17
R09915,10,66,51,77,22,21
R09915,11,93,75,80,31,31
R09915,12,96,81,84,32,32
R09915,13,54,36,66,18,18
R09915,14,57,48,84,19,18
R09915,15,117,90,76,39,39
R09915,16,111,93,83,37,37
R09915,17,63,42,66,21,21
R09915,18,30,27,90,10,10
R09915,19,12,9,75,4,4
R09917,8,27,9,33,9,9
R09917,9,66,57,86,22,22
R09917,10,75,57,76,25,25
R09917,11,102,93,91,34,34
R09917,12,93,75,80,31,31
R09917,13,84,63,75,28,28
R09917,14,72,66,91,24,24
R09917,15,114,84,73,38,38
R09917,16,126,96,76,42,42
R09917,17,90,72,80,30,30
R09917,18,33,33,100,11,11
R09917,19,6,6,100,2,2
R09917,20,3,3,100,1,1
R09918,8,21,21,100,7,7
R09918,9,66,54,81,22,22
R09918,10,72,54,75,24,24
R09918,11,87,72,82,29,29
R09918,12,78,60,76,26,26
R09918,13,81,72,88,27,27
R09918,14,45,45,100,15,15
R09918,15,75,57,76,25,25
R09918,16,69,63,91,23,23
R09918,17,51,51,100,17,17
R09918,18,6,6,100,2,2
R09919,8,69,57,82,23,23
R09919,9,120,105,87,40,40
R09919,10,126,111,88,42,42
R09919,11,135,117,86,45,44
R09919,12,108,96,88,36,36
R09919,13,78,66,84,26,25
R09919,14,126,99,78,42,42
R09919,15,144,120,83,48,48
R09919,16,111,99,89,37,37
R09919,17,99,81,81,33,33
R09919,18,57,48,84,19,19
R09919,19,3,0,0,1,1
R09920,8,24,24,100,8,8
R09920,9,93,75,80,31,31
R09920,10,87,69,79,29,29
R09920,11,84,75,89,28,28
R09920,12,96,72,75,32,32
R09920,13,48,33,68,16,16
R09920,14,84,72,85,28,28
R09920,15,114,84,73,38,38
R09920,16,141,111,78,47,47
R09920,17,87,72,82,29,29
R09920,18,33,21,63,11,11
R09920,19,6,6,100,2,2
R09922,8,15,15,100,5,5
R09922,9,72,60,83,24,23
R09922,10,54,45,83,18,18
R09922,11,93,72,77,31,31
R09922,12,63,57,90,21,21
R09922,13,42,36,85,14,14
R09922,14,39,33,84,13,13
R09922,15,84,78,92,28,28
R09922,16,93,84,90,31,31
R09922,17,105,84,80,35,35
R09922,18,30,24,80,10,10
R09922,19,9,6,66,3,3
R09922,20,3,3,100,1,1
R09923,8,78,69,88,26,25
R09923,9,111,102,91,37,37
R09923,10,114,105,92,38,37
R09923,11,123,111,90,41,41
R09923,12,105,96,91,35,34
R09923,13,78,57,73,26,26
R09923,14,84,75,89,28,28
R09923,15,159,126,79,53,53
R09923,16,102,87,85,34,34
R09923,17,72,69,95,24,24
R09923,18,18,15,83,6,6
R09923,19,3,3,100,1,1
R09924,7,3,3,100,1,1
R09924,8,84,75,89,28,27
R09924,9,120,93,77,40,37
R09924,10,117,96,82,39,39
R09924,11,138,135,97,46,45
R09924,12,123,117,95,41,41
R09924,13,117,102,87,39,39
R09924,14,126,102,80,42,42
R09924,15,117,90,76,39,39
R09924,16,96,75,78,32,32
R09924,17,54,51,94,18,18
R09924,18,9,9,100,3,3
R09924,19,9,9,100,3,3
R10020,7,9,9,100,3,3
R10020,8,51,42,82,17,16
R10020,9,84,66,78,28,28
R10020,10,93,66,70,31,30
R10020,11,120,96,80,40,40
R10020,12,123,96,78,41,41
R10020,13,84,72,85,28,28
R10020,14,96,90,93,32,32
R10020,15,126,114,90,42,42
R10020,16,120,93,77,40,40
R10020,17,105,93,88,35,35
R10020,18,30,24,80,10,10
R10020,19,9,9,100,3,3
R10024,8,60,51,85,20,17
R10024,9,114,93,81,38,37
R10024,10,108,99,91,36,36
R10024,11,90,81,90,30,30
R10024,12,84,72,85,28,28
R10024,13,69,57,82,23,23
R10024,14,72,51,70,24,24
R10024,15,114,87,76,38,38
R10024,16,84,72,85,28,28
R10024,17,57,48,84,19,19
R10024,18,15,9,60,5,5
R10024,19,3,3,100,1,1
